{
  "model": "xgb",
  "cv": "groupkfold",
  "n_splits": 5,
  "metrics": {
    "ACC": [
      0.5442895007771071,
      0.04536630394030967
    ],
    "F1_macro": [
      0.35117594642447314,
      0.1431466848342645
    ],
    "Top5": [
      0.8796567220812916,
      0.06964350481794107
    ],
    "Top10": [
      0.9034222402733331,
      0.07281170799343956
    ],
    "MRR": [
      0.6999393206968243,
      0.05380615227177152
    ],
    "nDCG@5": [
      0.7417196015750659,
      0.05788819752274432
    ],
    "ECE": [
      0.21548135368776472,
      0.03182937462627314
    ]
  }
}