{
  "model": "lr",
  "cv": "groupkfold",
  "n_splits": 5,
  "metrics": {
    "ACC": [
      0.3887882893957339,
      0.03784024804420744
    ],
    "F1_macro": [
      0.21488295681181696,
      0.08098637022239377
    ],
    "Top5": [
      0.8594812192283913,
      0.06670464748595445
    ],
    "Top10": [
      0.8964029997154588,
      0.07448740852279895
    ],
    "MRR": [
      0.5956738168004193,
      0.04713784432659353
    ],
    "nDCG@5": [
      0.6561385301627368,
      0.05298415368461022
    ],
    "ECE": [
      0.119241502421462,
      0.015853487044319003
    ]
  }
}